<serviceGroup>
<service name="Router">


  <parameter name="ServiceClass" locked="xsd:false">
    com.clairmail.service.ws.Router
  </parameter>
    <operation name="getMessageLog">
      <messageReceiver
      class="org.apache.axis2.receivers.RawXMLINOutMessageReceiver"/>
    </operation>
    <operation name="getMessageLogForCSR">
      <messageReceiver
      class="org.apache.axis2.receivers.RawXMLINOutMessageReceiver"/>
    </operation>
    <operation name="getDiscoEvent">
      <messageReceiver
      class="org.apache.axis2.receivers.RawXMLINOutMessageReceiver"/>
    </operation>
    <operation name="invokeMethod">
      <messageReceiver
      class="org.apache.axis2.receivers.RawXMLINOutMessageReceiver"/>
    </operation>
  <operation name="getUserAndProfile">
    <messageReceiver
      class="org.apache.axis2.receivers.RawXMLINOutMessageReceiver"/>
  </operation>
  <operation name="findUsersBySearch">
    <messageReceiver
      class="org.apache.axis2.receivers.RawXMLINOutMessageReceiver"/>
  </operation>
  <operation name="getProfile">
    <messageReceiver
      class="org.apache.axis2.receivers.RawXMLINOutMessageReceiver"/>
  </operation>
  <operation name="createOrUpdateUser">
    <messageReceiver
      class="org.apache.axis2.receivers.RawXMLINOutMessageReceiver"/>
  </operation>
  <operation name="addSourceAddress">
    <messageReceiver
      class="org.apache.axis2.receivers.RawXMLINOutMessageReceiver"/>
  </operation>
  <operation name="deleteSourceAddress">
    <messageReceiver
      class="org.apache.axis2.receivers.RawXMLINOutMessageReceiver"/>
  </operation>
  <operation name="verifySourceAddress">
    <messageReceiver
      class="org.apache.axis2.receivers.RawXMLINOutMessageReceiver"/>
  </operation>
  <operation name="sendOTP">
    <messageReceiver
      class="org.apache.axis2.receivers.RawXMLINOutMessageReceiver"/>
  </operation>
  <operation name="checkOTP">
    <messageReceiver
      class="org.apache.axis2.receivers.RawXMLINOutMessageReceiver"/>
  </operation>
  <operation name="checkVerificationCode">
    <messageReceiver
      class="org.apache.axis2.receivers.RawXMLINOutMessageReceiver"/>
  </operation>
  <operation name="sendAlert">
    <messageReceiver
      class="org.apache.axis2.receivers.RawXMLINOutMessageReceiver"/>
  </operation>
  <operation name="unregisterUser">
    <messageReceiver
      class="org.apache.axis2.receivers.RawXMLINOutMessageReceiver"/>
  </operation>
  <operation name="completeEscalatedAuthentication">
    <messageReceiver
      class="org.apache.axis2.receivers.RawXMLINOutMessageReceiver"/>
  </operation>
  <operation name="createOrUpdateSourceAddress">
    <messageReceiver
      class="org.apache.axis2.receivers.RawXMLINOutMessageReceiver"/>
  </operation>
  <operation name="createOrUpdateProfile">
    <messageReceiver
      class="org.apache.axis2.receivers.RawXMLINOutMessageReceiver"/>
  </operation>
  <operation name="setOptIn">
    <messageReceiver
      class="org.apache.axis2.receivers.RawXMLINOutMessageReceiver"/>
  </operation>
  <operation name="getDisconnectedPhoneNumbers">
    <messageReceiver
      class="org.apache.axis2.receivers.RawXMLINOutMessageReceiver"/>
  </operation>
  <operation name="getAlertTypeList">
    <messageReceiver
      class="org.apache.axis2.receivers.RawXMLINOutMessageReceiver"/>
  </operation>
  <operation name="getAlertInstanceList">
    <messageReceiver
      class="org.apache.axis2.receivers.RawXMLINOutMessageReceiver"/>
  </operation>
  <operation name="getAlertRegistrationList">
    <messageReceiver
      class="org.apache.axis2.receivers.RawXMLINOutMessageReceiver"/>
  </operation>
  <operation name="createAlertRegistration">
    <messageReceiver
      class="org.apache.axis2.receivers.RawXMLINOutMessageReceiver"/>
  </operation>
  <operation name="updateAlertRegistration">
    <messageReceiver
      class="org.apache.axis2.receivers.RawXMLINOutMessageReceiver"/>
  </operation>
  <operation name="deleteAlertRegistration">
    <messageReceiver
      class="org.apache.axis2.receivers.RawXMLINOutMessageReceiver"/>
  </operation>
  <operation name="sendConditionalAlert">
    <messageReceiver
      class="org.apache.axis2.receivers.RawXMLINOutMessageReceiver"/>
  </operation>
  <operation name="setEmailDeliveryStatus">
    <messageReceiver
      class="org.apache.axis2.receivers.RawXMLINOutMessageReceiver"/>
  </operation>
  <operation name="getAlertInstance">
    <messageReceiver
      class="org.apache.axis2.receivers.RawXMLINOutMessageReceiver"/>
  </operation>
  <operation name="getDNDList">
    <messageReceiver
      class="org.apache.axis2.receivers.RawXMLINOutMessageReceiver"/>
  </operation>
  <operation name="setDNDList">
    <messageReceiver
      class="org.apache.axis2.receivers.RawXMLINOutMessageReceiver"/>
  </operation>
  <operation name="getAlertRegistrationListByAlertReference">
    <messageReceiver
      class="org.apache.axis2.receivers.RawXMLINOutMessageReceiver"/>
  </operation>
  <operation name="mergeAlertRegistrationByList">
    <messageReceiver
      class="org.apache.axis2.receivers.RawXMLINOutMessageReceiver"/>
  </operation>
  <operation name="mergeAlertRegistrationsByCriteria">
      <messageReceiver
        class="org.apache.axis2.receivers.RawXMLINOutMessageReceiver"/>
  </operation>
  <operation name="updateSourceAddress">
    <messageReceiver
      class="org.apache.axis2.receivers.RawXMLINOutMessageReceiver"/>
  </operation>
   <operation name="authorizeUser">
    <messageReceiver
      class="org.apache.axis2.receivers.RawXMLINOutMessageReceiver"/>
  </operation>
   <operation name="submitStateEvent">
    <messageReceiver
      class="org.apache.axis2.receivers.RawXMLINOutMessageReceiver"/>
  </operation>
   <operation name="stateModelRegistration">
    <messageReceiver
      class="org.apache.axis2.receivers.RawXMLINOutMessageReceiver"/>
  </operation>
  <operation name="unregisterFromStateModel">
    <messageReceiver
      class="org.apache.axis2.receivers.RawXMLINOutMessageReceiver"/>
  </operation>
  <operation name="getCarrierList">
    <messageReceiver
      class="org.apache.axis2.receivers.RawXMLINOutMessageReceiver"/>
  </operation>
  <operation name="getTermsAndConditionsProvision">
    <messageReceiver
      class="org.apache.axis2.receivers.RawXMLINOutMessageReceiver"/>
  </operation>
  <operation name="getFeatureEnrollment">
    <messageReceiver
      class="org.apache.axis2.receivers.RawXMLINOutMessageReceiver"/>
  </operation>
  <operation name="acceptTermsAndConditions">
    <messageReceiver
      class="org.apache.axis2.receivers.RawXMLINOutMessageReceiver"/>
  </operation>
  <operation name="featureEligibility">
    <messageReceiver
      class="org.apache.axis2.receivers.RawXMLINOutMessageReceiver"/>
  </operation>  
</service>
</serviceGroup>